-- -----------------------------------------------------
-- PadeGest application database
-- For use by PadeGest
-- Generated on 17 Jan 2020 20:39:22    
-- -----------------------------------------------------
SET @OLD_UNIQUE_CHECKS=@@UNIQUE_CHECKS, UNIQUE_CHECKS=0;
SET @OLD_FOREIGN_KEY_CHECKS=@@FOREIGN_KEY_CHECKS, FOREIGN_KEY_CHECKS=0;
SET @OLD_SQL_MODE=@@SQL_MODE, SQL_MODE='';

-- -----------------------------------------------------
-- Schema PADEGEST
-- -----------------------------------------------------
DROP SCHEMA IF EXISTS `PADEGEST` ;

-- -----------------------------------------------------
-- Schema PADEGEST
-- -----------------------------------------------------
CREATE SCHEMA IF NOT EXISTS `PADEGEST` DEFAULT CHARACTER SET utf8mb4 COLLATE utf8mb4_bin ;
USE `PADEGEST` ;

-- -----------------------------------------------------
-- Table `PADEGEST`.`usuario`
-- -----------------------------------------------------
DROP TABLE IF EXISTS `PADEGEST`.`usuario` ;

CREATE TABLE IF NOT EXISTS `PADEGEST`.`usuario` (
  `id` INT UNSIGNED NOT NULL AUTO_INCREMENT,
  `username` VARCHAR(32) NOT NULL,
  `password` CHAR(32) NOT NULL,
  `nombre` VARCHAR(50) NOT NULL,
  `apellidos` VARCHAR(50) NOT NULL,
  `genero` ENUM('masculino', 'femenino') NOT NULL,
  `esSocio` TINYINT UNSIGNED NOT NULL DEFAULT 0,
  `rol` ENUM('deportista', 'administrador', 'entrenador') NOT NULL,
  PRIMARY KEY (`id`),
  UNIQUE INDEX `login_UNIQUE` (`username` ASC))
ENGINE = InnoDB;


-- -----------------------------------------------------
-- Table `PADEGEST`.`pista`
-- -----------------------------------------------------
DROP TABLE IF EXISTS `PADEGEST`.`pista` ;

CREATE TABLE IF NOT EXISTS `PADEGEST`.`pista` (
  `id` INT UNSIGNED NOT NULL AUTO_INCREMENT,
  `tipoSuelo` ENUM('c√©sped', 'moqueta', 'hormig√≥n', 'cemento') NOT NULL,
  `tipoCerramiento` ENUM('valla', 'pared', 'cristal') NOT NULL,
  `localizacion` ENUM('exterior', 'interior') NOT NULL,
  `focos` TINYINT UNSIGNED NOT NULL,
  PRIMARY KEY (`id`))
ENGINE = InnoDB;


-- -----------------------------------------------------
-- Table `PADEGEST`.`clase`
-- -----------------------------------------------------
DROP TABLE IF EXISTS `PADEGEST`.`clase` ;

CREATE TABLE IF NOT EXISTS `PADEGEST`.`clase` (
  `id` INT UNSIGNED NOT NULL AUTO_INCREMENT,
  `nombre` VARCHAR(45) NOT NULL,
  `plazasMin` SMALLINT UNSIGNED NOT NULL,
  `plazasMax` SMALLINT UNSIGNED NOT NULL,
  `frecuencia` TIME GENERATED ALWAYS AS ('0000-01-07 00:00:00') VIRTUAL,
  `fechaInicioInscripcion` DATE NOT NULL,
  `fechaFinInscripcion` DATE NOT NULL,
  `semanasDuracion` TINYINT UNSIGNED NOT NULL,
  `horaInicio` TIME NOT NULL,
  PRIMARY KEY (`id`),
  UNIQUE INDEX `nombre_UNIQUE` (`nombre` ASC))
ENGINE = InnoDB;


-- -----------------------------------------------------
-- Table `PADEGEST`.`reserva`
-- -----------------------------------------------------
DROP TABLE IF EXISTS `PADEGEST`.`reserva` ;

CREATE TABLE IF NOT EXISTS `PADEGEST`.`reserva` (
  `id` INT UNSIGNED NOT NULL AUTO_INCREMENT,
  `fechaInicio` DATETIME NOT NULL,
  `fechaFin` DATETIME GENERATED ALWAYS AS (ADDTIME(fechaInicio, '1:30:0')) VIRTUAL,
  `pista_id` INT UNSIGNED NOT NULL,
  `usuario_id` INT UNSIGNED NULL,
  `clase_id` INT UNSIGNED NULL,
  PRIMARY KEY (`id`),
  UNIQUE INDEX `UNIQUE` (`fechaInicio` ASC, `pista_id` ASC),
  INDEX `FK_PISTA_idx` (`pista_id` ASC),
  INDEX `FK_RESERVA_USUARIO_idx` (`usuario_id` ASC),
  INDEX `FK_RESERVA_ESCUELA_idx` (`clase_id` ASC),
  CONSTRAINT `FK_RESERVA_PISTA`
    FOREIGN KEY (`pista_id`)
    REFERENCES `PADEGEST`.`pista` (`id`)
    ON DELETE CASCADE
    ON UPDATE CASCADE,
  CONSTRAINT `FK_RESERVA_USUARIO`
    FOREIGN KEY (`usuario_id`)
    REFERENCES `PADEGEST`.`usuario` (`id`)
    ON DELETE SET NULL
    ON UPDATE CASCADE,
  CONSTRAINT `FK_RESERVA_CLASE`
    FOREIGN KEY (`clase_id`)
    REFERENCES `PADEGEST`.`clase` (`id`)
    ON DELETE SET NULL
    ON UPDATE CASCADE)
ENGINE = InnoDB;


-- -----------------------------------------------------
-- Table `PADEGEST`.`enfrentamiento`
-- -----------------------------------------------------
DROP TABLE IF EXISTS `PADEGEST`.`enfrentamiento` ;

CREATE TABLE IF NOT EXISTS `PADEGEST`.`enfrentamiento` (
  `id` INT UNSIGNED NOT NULL AUTO_INCREMENT,
  `nombre` VARCHAR(45) NOT NULL,
  `fecha` DATETIME NULL,
  `fase` ENUM('liga regular', 'playoffs1', 'playoffs2', 'playoffs4') NOT NULL,
  `reserva_id` INT UNSIGNED NULL,
  PRIMARY KEY (`id`),
  INDEX `FK_ENFRENTAMIENTO_RESERVA_idx` (`reserva_id` ASC),
  UNIQUE INDEX `nombre_UNIQUE` (`nombre` ASC),
  INDEX `fecha_INDEX` (`fecha` ASC),
  CONSTRAINT `FK_ENFRENTAMIENTO_RESERVA`
    FOREIGN KEY (`reserva_id`)
    REFERENCES `PADEGEST`.`reserva` (`id`)
    ON DELETE SET NULL
    ON UPDATE CASCADE)
ENGINE = InnoDB;


-- -----------------------------------------------------
-- Table `PADEGEST`.`partido_promocionado`
-- -----------------------------------------------------
DROP TABLE IF EXISTS `PADEGEST`.`partido_promocionado` ;

CREATE TABLE IF NOT EXISTS `PADEGEST`.`partido_promocionado` (
  `id` INT UNSIGNED NOT NULL AUTO_INCREMENT,
  `nombre` VARCHAR(45) NOT NULL,
  `fecha` DATETIME NOT NULL,
  `reserva_id` INT UNSIGNED NULL,
  PRIMARY KEY (`id`),
  UNIQUE INDEX `nombre_UNIQUE` (`nombre` ASC),
  INDEX `fecha_INDEX` (`fecha` ASC),
  CONSTRAINT `FK_PARTIDO_PROMOCIONADO_RESERVA`
    FOREIGN KEY (`reserva_id`)
    REFERENCES `PADEGEST`.`reserva` (`id`)
    ON DELETE SET NULL
    ON UPDATE CASCADE)
ENGINE = InnoDB;


-- -----------------------------------------------------
-- Table `PADEGEST`.`resultado`
-- -----------------------------------------------------
DROP TABLE IF EXISTS `PADEGEST`.`resultado` ;

CREATE TABLE IF NOT EXISTS `PADEGEST`.`resultado` (
  `enfrentamiento_id` INT UNSIGNED NOT NULL,
  `set1pareja1` TINYINT NOT NULL,
  `set1pareja2` TINYINT NOT NULL,
  `set2pareja1` TINYINT NOT NULL,
  `set2pareja2` TINYINT NOT NULL,
  `set3pareja1` TINYINT NULL,
  `set3pareja2` TINYINT NULL,
  PRIMARY KEY (`enfrentamiento_id`),
  CONSTRAINT `FK_RESULTADO_ENFRENTAMIENTO`
    FOREIGN KEY (`enfrentamiento_id`)
    REFERENCES `PADEGEST`.`enfrentamiento` (`id`)
    ON DELETE CASCADE
    ON UPDATE CASCADE)
ENGINE = InnoDB;


-- -----------------------------------------------------
-- Table `PADEGEST`.`usuario_partido_promocionado`
-- -----------------------------------------------------
DROP TABLE IF EXISTS `PADEGEST`.`usuario_partido_promocionado` ;

CREATE TABLE IF NOT EXISTS `PADEGEST`.`usuario_partido_promocionado` (
  `usuario_id` INT UNSIGNED NOT NULL,
  `partido_promocionado_id` INT UNSIGNED NOT NULL,
  PRIMARY KEY (`usuario_id`, `partido_promocionado_id`),
  INDEX `FK_USUARIO_PARTIDO_PROMOCIONADO_PARTIDO_PROMOCIONADO_idx` (`partido_promocionado_id` ASC),
  CONSTRAINT `FK_USUARIO_PARTIDO_PROMOCIONADO_USUARIO`
    FOREIGN KEY (`usuario_id`)
    REFERENCES `PADEGEST`.`usuario` (`id`)
    ON DELETE CASCADE
    ON UPDATE CASCADE,
  CONSTRAINT `FK_USUARIO_PARTIDO_PROMOCIONADO_PARTIDO_PROMOCIONADO`
    FOREIGN KEY (`partido_promocionado_id`)
    REFERENCES `PADEGEST`.`partido_promocionado` (`id`)
    ON DELETE CASCADE
    ON UPDATE CASCADE)
ENGINE = InnoDB;


-- -----------------------------------------------------
-- Table `PADEGEST`.`campeonato`
-- -----------------------------------------------------
DROP TABLE IF EXISTS `PADEGEST`.`campeonato` ;

CREATE TABLE IF NOT EXISTS `PADEGEST`.`campeonato` (
  `id` INT UNSIGNED NOT NULL AUTO_INCREMENT,
  `nombre` VARCHAR(50) NOT NULL,
  `bases` TEXT NOT NULL,
  `fechaInicioInscripciones` DATETIME NOT NULL,
  `fechaFinInscripciones` DATETIME NOT NULL,
  PRIMARY KEY (`id`),
  UNIQUE INDEX `nombre_UNIQUE` (`nombre` ASC))
ENGINE = InnoDB;


-- -----------------------------------------------------
-- Table `PADEGEST`.`categoria_nivel`
-- -----------------------------------------------------
DROP TABLE IF EXISTS `PADEGEST`.`categoria_nivel` ;

CREATE TABLE IF NOT EXISTS `PADEGEST`.`categoria_nivel` (
  `id` INT UNSIGNED NOT NULL AUTO_INCREMENT,
  `categoria` ENUM('masculina', 'femenina', 'mixta') NOT NULL,
  `nivel` ENUM('1', '2', '3') NOT NULL,
  `campeonato_id` INT UNSIGNED NOT NULL,
  PRIMARY KEY (`id`),
  UNIQUE INDEX `UNIQUE` (`categoria` ASC, `nivel` ASC, `campeonato_id` ASC),
  INDEX `FK_CATEGORIA_NIVEL_CAMPEONATO_idx` (`campeonato_id` ASC),
  CONSTRAINT `FK_CATEGORIA_NIVEL_CAMPEONATO`
    FOREIGN KEY (`campeonato_id`)
    REFERENCES `PADEGEST`.`campeonato` (`id`)
    ON DELETE CASCADE
    ON UPDATE CASCADE)
ENGINE = InnoDB;


-- -----------------------------------------------------
-- Table `PADEGEST`.`grupo`
-- -----------------------------------------------------
DROP TABLE IF EXISTS `PADEGEST`.`grupo` ;

CREATE TABLE IF NOT EXISTS `PADEGEST`.`grupo` (
  `id` INT UNSIGNED NOT NULL AUTO_INCREMENT,
  `categoria_nivel_id` INT UNSIGNED NOT NULL,
  PRIMARY KEY (`id`),
  INDEX `FK_GRUPO_CATEGORIA_NIVEL_idx` (`categoria_nivel_id` ASC),
  CONSTRAINT `FK_GRUPO_CATEGORIA_NIVEL`
    FOREIGN KEY (`categoria_nivel_id`)
    REFERENCES `PADEGEST`.`categoria_nivel` (`id`)
    ON DELETE CASCADE
    ON UPDATE CASCADE)
ENGINE = InnoDB;


-- -----------------------------------------------------
-- Table `PADEGEST`.`pareja`
-- -----------------------------------------------------
DROP TABLE IF EXISTS `PADEGEST`.`pareja` ;

CREATE TABLE IF NOT EXISTS `PADEGEST`.`pareja` (
  `id` INT UNSIGNED NOT NULL AUTO_INCREMENT,
  `idCapitan` INT UNSIGNED NOT NULL,
  `idCompanero` INT UNSIGNED NOT NULL,
  `categoria_nivel_id` INT UNSIGNED NOT NULL,
  `grupo_id` INT UNSIGNED NULL,
  PRIMARY KEY (`id`),
  INDEX `FK_PAREJA_GRUPO_idx` (`grupo_id` ASC),
  INDEX `FK_PAREJA_CATEGORIA_NIVEL_idx` (`categoria_nivel_id` ASC),
  CONSTRAINT `FK_PAREJA_USUARIO1`
    FOREIGN KEY (`idCapitan`)
    REFERENCES `PADEGEST`.`usuario` (`id`)
    ON DELETE CASCADE
    ON UPDATE CASCADE,
  CONSTRAINT `FK_PAREJA_USUARIO2`
    FOREIGN KEY (`idCompanero`)
    REFERENCES `PADEGEST`.`usuario` (`id`)
    ON DELETE CASCADE
    ON UPDATE CASCADE,
  CONSTRAINT `FK_PAREJA_GRUPO`
    FOREIGN KEY (`grupo_id`)
    REFERENCES `PADEGEST`.`grupo` (`id`)
    ON DELETE SET NULL
    ON UPDATE CASCADE,
  CONSTRAINT `FK_PAREJA_CATEGORIA_NIVEL`
    FOREIGN KEY (`categoria_nivel_id`)
    REFERENCES `PADEGEST`.`categoria_nivel` (`id`)
    ON DELETE CASCADE
    ON UPDATE CASCADE)
ENGINE = InnoDB;


-- -----------------------------------------------------
-- Table `PADEGEST`.`pareja_enfrentamiento`
-- -----------------------------------------------------
DROP TABLE IF EXISTS `PADEGEST`.`pareja_enfrentamiento` ;

CREATE TABLE IF NOT EXISTS `PADEGEST`.`pareja_enfrentamiento` (
  `pareja_id` INT UNSIGNED NOT NULL,
  `enfrentamiento_id` INT UNSIGNED NOT NULL,
  `participacionConfirmada` TINYINT UNSIGNED NOT NULL DEFAULT 0,
  PRIMARY KEY (`enfrentamiento_id`, `pareja_id`),
  INDEX `FK_PAREJA_ENFRENTAMIENTO_PAREJA_idx` (`pareja_id` ASC),
  CONSTRAINT `FK_PAREJA_ENFRENTAMIENTO_PAREJA`
    FOREIGN KEY (`pareja_id`)
    REFERENCES `PADEGEST`.`pareja` (`id`)
    ON DELETE CASCADE
    ON UPDATE CASCADE,
  CONSTRAINT `FK_PAREJA_ENFRENTAMIENTO_ENFRENTAMIENTO`
    FOREIGN KEY (`enfrentamiento_id`)
    REFERENCES `PADEGEST`.`enfrentamiento` (`id`)
    ON DELETE CASCADE
    ON UPDATE CASCADE)
ENGINE = InnoDB;


-- -----------------------------------------------------
-- Table `PADEGEST`.`noticia`
-- -----------------------------------------------------
DROP TABLE IF EXISTS `PADEGEST`.`noticia` ;

CREATE TABLE IF NOT EXISTS `PADEGEST`.`noticia` (
  `id` INT UNSIGNED NOT NULL AUTO_INCREMENT,
  `titulo` VARCHAR(128) NOT NULL,
  `cuerpo` TEXT NOT NULL,
  `fecha` DATETIME NOT NULL,
  `usuario_id` INT UNSIGNED NOT NULL,
  PRIMARY KEY (`id`),
  UNIQUE INDEX `titulo_UNIQUE` (`titulo` ASC),
  INDEX `FK_NOTICIA_USUARIO_idx` (`usuario_id` ASC),
  CONSTRAINT `FK_NOTICIA_USUARIO`
    FOREIGN KEY (`usuario_id`)
    REFERENCES `PADEGEST`.`usuario` (`id`)
    ON DELETE CASCADE
    ON UPDATE CASCADE)
ENGINE = InnoDB;


-- -----------------------------------------------------
-- Table `PADEGEST`.`clase_deportista`
-- -----------------------------------------------------
DROP TABLE IF EXISTS `PADEGEST`.`clase_deportista` ;

CREATE TABLE IF NOT EXISTS `PADEGEST`.`clase_deportista` (
  `clase_id` INT UNSIGNED NOT NULL,
  `usuario_id` INT UNSIGNED NOT NULL,
  PRIMARY KEY (`clase_id`, `usuario_id`),
  INDEX `FK_USUARIO_idx` (`usuario_id` ASC),
  CONSTRAINT `FK_CLASE`
    FOREIGN KEY (`clase_id`)
    REFERENCES `PADEGEST`.`clase` (`id`)
    ON DELETE CASCADE
    ON UPDATE CASCADE,
  CONSTRAINT `FK_USUARIO`
    FOREIGN KEY (`usuario_id`)
    REFERENCES `PADEGEST`.`usuario` (`id`)
    ON DELETE CASCADE
    ON UPDATE CASCADE)
ENGINE = InnoDB;


-- -----------------------------------------------------
-- Table `PADEGEST`.`pago`
-- -----------------------------------------------------
DROP TABLE IF EXISTS `PADEGEST`.`pago` ;

CREATE TABLE IF NOT EXISTS `PADEGEST`.`pago` (
  `id` INT UNSIGNED NOT NULL AUTO_INCREMENT,
  `concepto` VARCHAR(60) NOT NULL,
  `importe` DECIMAL(5,2) UNSIGNED NOT NULL,
  `usuario_id` INT UNSIGNED NOT NULL,
  PRIMARY KEY (`id`),
  INDEX `FK_PAGO_USUARIO_idx` (`usuario_id` ASC),
  CONSTRAINT `FK_PAGO_USUARIO`
    FOREIGN KEY (`usuario_id`)
    REFERENCES `PADEGEST`.`usuario` (`id`)
    ON DELETE CASCADE
    ON UPDATE CASCADE)
ENGINE = InnoDB;

USE `PADEGEST` ;

-- -----------------------------------------------------
-- function reservaQueOcupaPista
-- -----------------------------------------------------

USE `PADEGEST`;
DROP function IF EXISTS `PADEGEST`.`reservaQueOcupaPista`;

DELIMITER $$
USE `PADEGEST`$$
CREATE FUNCTION `PADEGEST`.`reservaQueOcupaPista`(idPista INT UNSIGNED, fechaInicioComp DATETIME, idReservaIgnorada INT UNSIGNED)
RETURNS INT UNSIGNED NOT DETERMINISTIC READS SQL DATA
SQL SECURITY INVOKER
BEGIN
	DECLARE fechaFinComp DATETIME DEFAULT ADDTIME(fechaInicioComp, '1:30:0');

	DECLARE EXIT HANDLER FOR NOT FOUND RETURN NULL;

	-- Obtener la primera reserva cuyo id sea diferente del ignorado
    -- (por si se quiere ignorar que una reserva haga conflicto con ella
    -- misma), sobre la pista dada, cuyo intervalo de tiempo se solape
    -- con el que se toma como referencia
	RETURN (
		SELECT `id` FROM `PADEGEST`.`reserva`
		WHERE
			NOT `id` <=> idReservaIgnorada AND
			`pista_id` = idPista AND
			fechaFinComp > `fechaInicio` AND
            fechaInicioComp < `fechaFin`
		LIMIT 1
	);
END$$

DELIMITER ;

-- -----------------------------------------------------
-- function pistaDisponibleEnFecha
-- -----------------------------------------------------

USE `PADEGEST`;
DROP function IF EXISTS `PADEGEST`.`pistaDisponibleEnFecha`;

DELIMITER $$
USE `PADEGEST`$$
CREATE FUNCTION `PADEGEST`.`pistaDisponibleEnFecha`(fechaInicioComp DATETIME)
RETURNS INT UNSIGNED NOT DETERMINISTIC READS SQL DATA
SQL SECURITY INVOKER
BEGIN
	DECLARE fechaFinComp DATETIME DEFAULT ADDTIME(fechaInicioComp, '1:30:0');

	DECLARE EXIT HANDLER FOR NOT FOUND RETURN NULL;

	-- Obtener el identificador de la primera pista que no pertenezca
    -- al conjunto de pistas reservadas en el momento dado
	RETURN (
		SELECT `id` FROM `PADEGEST`.`pista` WHERE `id` NOT IN (
			SELECT `pista_id` FROM `PADEGEST`.`reserva`
			WHERE
				fechaFinComp > `fechaInicio` AND
                fechaInicioComp < `fechaFin`
		)
        LIMIT 1
	);
END$$

DELIMITER ;
USE `PADEGEST`;

DELIMITER $$

USE `PADEGEST`$$
DROP TRIGGER IF EXISTS `PADEGEST`.`usuario_BEFORE_INSERT` $$
USE `PADEGEST`$$
CREATE TRIGGER `PADEGEST`.`usuario_BEFORE_INSERT`
BEFORE INSERT ON `usuario` FOR EACH ROW
BEGIN
	IF NEW.`esSocio` <> 0 AND NEW.`esSocio` <> 1 THEN
		SIGNAL SQLSTATE VALUE 'HY000' SET MESSAGE_TEXT = 'El valor del atributo esSocio de un usuario debe de ser 0 o 1';
    END IF;
END$$


USE `PADEGEST`$$
DROP TRIGGER IF EXISTS `PADEGEST`.`usuario_BEFORE_UPDATE` $$
USE `PADEGEST`$$
CREATE TRIGGER `PADEGEST`.`usuario_BEFORE_UPDATE`
BEFORE UPDATE ON `usuario` FOR EACH ROW
BEGIN
	IF NEW.`esSocio` <> 0 AND NEW.`esSocio` <> 1 THEN
		SIGNAL SQLSTATE VALUE 'HY000' SET MESSAGE_TEXT = 'El valor del atributo esSocio de un usuario debe de ser 0 o 1';
    END IF;
END$$


USE `PADEGEST`$$
DROP TRIGGER IF EXISTS `PADEGEST`.`reserva_BEFORE_INSERT` $$
USE `PADEGEST`$$
CREATE TRIGGER `PADEGEST`.`reserva_BEFORE_INSERT`
BEFORE INSERT ON `reserva` FOR EACH ROW
BEGIN
	DECLARE idPartidoPromocionado INT UNSIGNED DEFAULT NULL;
    DECLARE idEnfrentamiento INT UNSIGNED DEFAULT NULL;

	DECLARE CONTINUE HANDLER FOR NOT FOUND BEGIN END;

	SELECT id FROM `PADEGEST`.`partido_promocionado` WHERE reserva_id = NEW.`id` INTO idPartidoPromocionado;
    SELECT id FROM `PADEGEST`.`enfrentamiento` WHERE reserva_id = NEW.`id` INTO idEnfrentamiento;

	IF	NEW.`usuario_id` IS NOT NULL AND
        (idPartidoPromocionado IS NOT NULL OR idEnfrentamiento IS NOT NULL)
	THEN
		SIGNAL SQLSTATE VALUE 'HY000' SET MESSAGE_TEXT = 'Una reserva no puede realizarse por varias entidades a la vez';
    END IF;

	IF NEW.`fechaInicio` > NEW.`fechaFin` THEN
		SIGNAL SQLSTATE VALUE 'HY000' SET MESSAGE_TEXT = 'La fecha de fin de una reserva debe de ser posterior a la de inicio';
    END IF;

	IF (SELECT `PADEGEST`.`reservaQueOcupaPista`(NEW.`pista_id`, NEW.`fechaInicio`, NEW.`id`) IS NOT NULL) THEN
		SIGNAL SQLSTATE VALUE 'HY000' SET MESSAGE_TEXT = 'La pista asociada a la reserva est√° ocupada a la hora especificada';
    END IF;
END$$


USE `PADEGEST`$$
DROP TRIGGER IF EXISTS `PADEGEST`.`reserva_AFTER_INSERT` $$
USE `PADEGEST`$$
CREATE TRIGGER `PADEGEST`.`reserva_AFTER_INSERT`
AFTER INSERT ON `reserva` FOR EACH ROW
BEGIN
	DECLARE pistaDisponible INT UNSIGNED DEFAULT NULL;

	DECLARE CONTINUE HANDLER FOR NOT FOUND BEGIN END;

	SELECT `PADEGEST`.`pistaDisponibleEnFecha`(NEW.`fechaInicio`) INTO pistaDisponible;

	-- Si no quedan pistas disponibles, borrar los partidos promocionados
    -- y enfrentamientos que todav√≠a no tengan una reserva de pista para
    -- esa hora
	IF pistaDisponible IS NULL THEN
		DELETE FROM `PADEGEST`.`partido_promocionado`
        WHERE `fecha` = NEW.`fechaInicio` AND `reserva_id` IS NULL;

		DELETE FROM `PADEGEST`.`enfrentamiento`
        WHERE `fecha` <=> NEW.`fechaInicio` AND `reserva_id` IS NULL;
    END IF;
END$$


USE `PADEGEST`$$
DROP TRIGGER IF EXISTS `PADEGEST`.`reserva_BEFORE_UPDATE` $$
USE `PADEGEST`$$
CREATE TRIGGER `PADEGEST`.`reserva_BEFORE_UPDATE`
BEFORE UPDATE ON `reserva` FOR EACH ROW
BEGIN
	DECLARE idPartidoPromocionado INT UNSIGNED DEFAULT NULL;
    DECLARE idEnfrentamiento INT UNSIGNED DEFAULT NULL;

	DECLARE CONTINUE HANDLER FOR NOT FOUND BEGIN END;

	SELECT id FROM `PADEGEST`.`partido_promocionado` WHERE reserva_id = NEW.`id` INTO idPartidoPromocionado;
    SELECT id FROM `PADEGEST`.`enfrentamiento` WHERE reserva_id = NEW.`id` INTO idEnfrentamiento;

	IF	NEW.`usuario_id` IS NOT NULL AND
        (idPartidoPromocionado IS NOT NULL OR idEnfrentamiento IS NOT NULL)
	THEN
		SIGNAL SQLSTATE VALUE 'HY000' SET MESSAGE_TEXT = 'Una reserva no puede realizarse por un usuario y por un partido promocionado o enfrentamiento a la vez';
    END IF;

	IF NEW.`fechaInicio` > NEW.`fechaFin` THEN
		SIGNAL SQLSTATE VALUE 'HY000' SET MESSAGE_TEXT = 'La fecha de fin de una reserva debe de ser posterior a la de inicio';
    END IF;

	IF (SELECT `PADEGEST`.`reservaQueOcupaPista`(NEW.`pista_id`, NEW.`fechaInicio`, NEW.`id`) IS NOT NULL) THEN
		SIGNAL SQLSTATE VALUE 'HY000' SET MESSAGE_TEXT = 'La pista asociada a la reserva est√° ocupada a la hora especificada';
    END IF;
END$$


USE `PADEGEST`$$
DROP TRIGGER IF EXISTS `PADEGEST`.`reserva_AFTER_UPDATE` $$
USE `PADEGEST`$$
CREATE TRIGGER `PADEGEST`.`reserva_AFTER_UPDATE`
AFTER UPDATE ON `reserva` FOR EACH ROW
BEGIN
	DECLARE pistaDisponible INT UNSIGNED DEFAULT NULL;

	DECLARE CONTINUE HANDLER FOR NOT FOUND BEGIN END;

	SELECT `PADEGEST`.`pistaDisponibleEnFecha`(NEW.`fechaInicio`) INTO pistaDisponible;

	-- Si no quedan pistas disponibles, borrar los partidos promocionados
	-- y enfrentamientos que todav√≠a no tengan una reserva de pista para
	-- esa hora
	IF pistaDisponible IS NULL THEN
		DELETE FROM `PADEGEST`.`partido_promocionado`
		WHERE `fecha` = NEW.`fechaInicio` AND `reserva_id` IS NULL;

		DELETE FROM `PADEGEST`.`enfrentamiento`
		WHERE `fecha` <=> NEW.`fechaInicio` AND `reserva_id` IS NULL;
	END IF;
END$$


USE `PADEGEST`$$
DROP TRIGGER IF EXISTS `PADEGEST`.`enfrentamiento_BEFORE_INSERT` $$
USE `PADEGEST`$$
CREATE TRIGGER `PADEGEST`.`enfrentamiento_BEFORE_INSERT`
BEFORE INSERT ON `enfrentamiento` FOR EACH ROW
BEGIN
	DECLARE fechaReserva DATETIME DEFAULT NULL;
	DECLARE pistaDisponible INT UNSIGNED DEFAULT NULL;

	DECLARE CONTINUE HANDLER FOR NOT FOUND BEGIN END;

	IF NEW.`fecha` IS NOT NULL THEN
		SELECT fechaInicio FROM `PADEGEST`.`reserva` WHERE id = NEW.`reserva_id` INTO fechaReserva;

		IF fechaReserva IS NOT NULL AND fechaReserva <> NEW.`fecha` THEN
			SIGNAL SQLSTATE VALUE 'HY000' SET MESSAGE_TEXT = 'La fecha de la reserva asociada a un partido debe de coincidir con la del partido';
		END IF;

		SELECT `PADEGEST`.`pistaDisponibleEnFecha`(NEW.`fecha`) INTO pistaDisponible;

		IF pistaDisponible IS NULL THEN
			SIGNAL SQLSTATE VALUE 'HY000' SET MESSAGE_TEXT = 'No tiene sentido que un partido promocionado se celebre en una fecha que ya est√° ocupada';
		END IF;
	END IF;
END$$


USE `PADEGEST`$$
DROP TRIGGER IF EXISTS `PADEGEST`.`enfrentamiento_BEFORE_UPDATE` $$
USE `PADEGEST`$$
CREATE TRIGGER `PADEGEST`.`enfrentamiento_BEFORE_UPDATE`
BEFORE UPDATE ON `enfrentamiento` FOR EACH ROW
BEGIN
	DECLARE fechaReserva DATETIME DEFAULT NULL;
	DECLARE pistaDisponible INT UNSIGNED DEFAULT NULL;

	DECLARE CONTINUE HANDLER FOR NOT FOUND BEGIN END;

	IF NEW.`fecha` IS NOT NULL THEN
		SELECT fechaInicio FROM `PADEGEST`.`reserva` WHERE id = NEW.`reserva_id` INTO fechaReserva;

		IF fechaReserva IS NOT NULL AND fechaReserva <> NEW.`fecha` THEN
			SIGNAL SQLSTATE VALUE 'HY000' SET MESSAGE_TEXT = 'La fecha de la reserva asociada a un partido debe de coincidir con la del partido';
		END IF;

		SELECT `PADEGEST`.`pistaDisponibleEnFecha`(NEW.`fecha`) INTO pistaDisponible;

		IF pistaDisponible IS NULL THEN
			SIGNAL SQLSTATE VALUE 'HY000' SET MESSAGE_TEXT = 'No tiene sentido que un partido promocionado se celebre en una fecha que ya est√° ocupada';
		END IF;
	END IF;
END$$


USE `PADEGEST`$$
DROP TRIGGER IF EXISTS `PADEGEST`.`partido_promocionado_BEFORE_INSERT` $$
USE `PADEGEST`$$
CREATE TRIGGER `PADEGEST`.`partido_promocionado_BEFORE_INSERT`
BEFORE INSERT ON `partido_promocionado` FOR EACH ROW
BEGIN
	DECLARE fechaReserva DATETIME DEFAULT NULL;
	DECLARE pistaDisponible INT UNSIGNED DEFAULT NULL;

	DECLARE CONTINUE HANDLER FOR NOT FOUND BEGIN END;

	SELECT fechaInicio FROM `PADEGEST`.`reserva` WHERE id = NEW.`reserva_id` INTO fechaReserva;

	IF fechaReserva IS NOT NULL AND fechaReserva <> NEW.`fecha` THEN
		SIGNAL SQLSTATE VALUE 'HY000' SET MESSAGE_TEXT = 'La fecha de la reserva asociada a un partido debe de coincidir con la del partido';
	END IF;

	SELECT `PADEGEST`.`pistaDisponibleEnFecha`(NEW.`fecha`) INTO pistaDisponible;

	IF pistaDisponible IS NULL THEN
		SIGNAL SQLSTATE VALUE 'HY000' SET MESSAGE_TEXT = 'No tiene sentido crear un partido promocionado en una fecha que ya est√° ocupada';
	END IF;
END$$


USE `PADEGEST`$$
DROP TRIGGER IF EXISTS `PADEGEST`.`partido_promocionado_BEFORE_UPDATE` $$
USE `PADEGEST`$$
CREATE TRIGGER `PADEGEST`.`partido_promocionado_BEFORE_UPDATE`
BEFORE UPDATE ON `partido_promocionado` FOR EACH ROW
BEGIN
	DECLARE fechaReserva DATETIME DEFAULT NULL;
	DECLARE pistaDisponible INT UNSIGNED DEFAULT NULL;

	DECLARE CONTINUE HANDLER FOR NOT FOUND BEGIN END;

	SELECT fechaInicio FROM `PADEGEST`.`reserva` WHERE id = NEW.`reserva_id` INTO fechaReserva;

	IF fechaReserva IS NOT NULL AND fechaReserva <> NEW.`fecha` THEN
		SIGNAL SQLSTATE VALUE 'HY000' SET MESSAGE_TEXT = 'La fecha de la reserva asociada a un partido debe de coincidir con la del partido';
	END IF;

	SELECT `PADEGEST`.`pistaDisponibleEnFecha`(NEW.`fecha`) INTO pistaDisponible;

	IF pistaDisponible IS NULL THEN
		SIGNAL SQLSTATE VALUE 'HY000' SET MESSAGE_TEXT = 'No tiene sentido que un partido promocionado se celebre en una fecha que ya est√° ocupada';
	END IF;
END$$


USE `PADEGEST`$$
DROP TRIGGER IF EXISTS `PADEGEST`.`resultado_BEFORE_INSERT` $$
USE `PADEGEST`$$
CREATE TRIGGER `PADEGEST`.`resultado_BEFORE_INSERT`
BEFORE INSERT ON `resultado` FOR EACH ROW
BEGIN
	-- Si el tercer set est√° definido para una pareja, tambi√©n lo debe
    -- de estar para la otra
	IF	(NEW.`set3pareja1` IS NOT NULL AND NEW.`set3pareja2` IS NULL) OR
        (NEW.`set3pareja1` IS NULL AND NEW.`set3pareja2` IS NOT NULL)
	THEN
		SIGNAL SQLSTATE VALUE '23000' SET MESSAGE_TEXT = 'Si el tercer set de un resultado est√° definido para una pareja, tambi√©n lo debe de estar para la otra';
    END IF;
END$$


USE `PADEGEST`$$
DROP TRIGGER IF EXISTS `PADEGEST`.`resultado_BEFORE_UPDATE` $$
USE `PADEGEST`$$
CREATE TRIGGER `PADEGEST`.`resultado_BEFORE_UPDATE`
BEFORE UPDATE ON `resultado` FOR EACH ROW
BEGIN
	-- Si el tercer set est√° definido para una pareja, tambi√©n lo debe
    -- de estar para la otra
	IF	(NEW.`set3pareja1` IS NOT NULL AND NEW.`set3pareja2` IS NULL) OR
        (NEW.`set3pareja1` IS NULL AND NEW.`set3pareja2` IS NOT NULL)
	THEN
		SIGNAL SQLSTATE VALUE '23000' SET MESSAGE_TEXT = 'Si el tercer set de un resultado est√° definido para una pareja, tambi√©n lo debe de estar para la otra';
    END IF;
END$$


USE `PADEGEST`$$
DROP TRIGGER IF EXISTS `PADEGEST`.`campeonato_BEFORE_INSERT` $$
USE `PADEGEST`$$
CREATE TRIGGER `PADEGEST`.`campeonato_BEFORE_INSERT`
BEFORE INSERT ON `campeonato` FOR EACH ROW
BEGIN
	IF NEW.`fechaInicioInscripciones` > NEW.`fechaFinInscripciones` THEN
		SIGNAL SQLSTATE VALUE 'HY000' SET MESSAGE_TEXT = 'La fecha de inicio de inscripciones de un campeonato debe de ser menor que la de fin';
    END IF;
END$$


USE `PADEGEST`$$
DROP TRIGGER IF EXISTS `PADEGEST`.`campeonato_BEFORE_UPDATE` $$
USE `PADEGEST`$$
CREATE TRIGGER `PADEGEST`.`campeonato_BEFORE_UPDATE`
BEFORE UPDATE ON `campeonato` FOR EACH ROW
BEGIN
	IF NEW.`fechaInicioInscripciones` > NEW.`fechaFinInscripciones` THEN
		SIGNAL SQLSTATE VALUE 'HY000' SET MESSAGE_TEXT = 'La fecha de inicio de inscripciones de un campeonato debe de ser menor que la de fin';
    END IF;
END$$


USE `PADEGEST`$$
DROP TRIGGER IF EXISTS `PADEGEST`.`pareja_BEFORE_INSERT` $$
USE `PADEGEST`$$
CREATE TRIGGER `PADEGEST`.`pareja_BEFORE_INSERT`
BEFORE INSERT ON `pareja` FOR EACH ROW
BEGIN
	DECLARE idCategoriaNivelGrupo INT UNSIGNED;

	DECLARE EXIT HANDLER FOR NOT FOUND BEGIN END;

	SELECT categoria_nivel_id FROM `PADEGEST`.`grupo` WHERE id = NEW.`grupo_id` INTO idCategoriaNivelGrupo;

	IF idCategoriaNivelGrupo <> NEW.`categoria_nivel_id` THEN
		SIGNAL SQLSTATE VALUE 'HY000' SET MESSAGE_TEXT = 'Una pareja solo puede estar en grupos de su misma categor√≠a y nivel';
    END IF;
END$$


USE `PADEGEST`$$
DROP TRIGGER IF EXISTS `PADEGEST`.`pareja_BEFORE_UPDATE` $$
USE `PADEGEST`$$
CREATE TRIGGER `PADEGEST`.`pareja_BEFORE_UPDATE`
BEFORE UPDATE ON `pareja` FOR EACH ROW
BEGIN
	DECLARE idCategoriaNivelGrupo INT UNSIGNED;

	DECLARE EXIT HANDLER FOR NOT FOUND BEGIN END;

	SELECT categoria_nivel_id FROM `PADEGEST`.`grupo` WHERE id = NEW.`grupo_id` INTO idCategoriaNivelGrupo;

	IF idCategoriaNivelGrupo <> NEW.`categoria_nivel_id` THEN
		SIGNAL SQLSTATE VALUE 'HY000' SET MESSAGE_TEXT = 'Una pareja solo puede estar en grupos de su misma categor√≠a y nivel';
	END IF;
END$$


DELIMITER ;

-- -----------------------------------------------------
-- User PadeGestApp
-- -----------------------------------------------------
DROP USER IF EXISTS 'PadeGestApp';
CREATE USER 'PadeGestApp' IDENTIFIED BY 'PadeGestApp';
GRANT TRIGGER, UPDATE, SELECT, INSERT, INDEX, DELETE, ALTER, REFERENCES, DROP, CREATE ON TABLE PADEGEST.* TO 'PadeGestApp';
GRANT EXECUTE ON FUNCTION PADEGEST.reservaQueOcupaPista TO 'PadeGestApp';
GRANT EXECUTE ON function `PADEGEST`.`pistaDisponibleEnFecha` TO 'PadeGestApp';

SET SQL_MODE=@OLD_SQL_MODE;
SET FOREIGN_KEY_CHECKS=@OLD_FOREIGN_KEY_CHECKS;
SET UNIQUE_CHECKS=@OLD_UNIQUE_CHECKS;

-- -----------------------------------------------------
-- Data for table `PADEGEST`.`usuario`
-- -----------------------------------------------------
START TRANSACTION;
USE `PADEGEST`;
INSERT INTO `PADEGEST`.`usuario` (`id`, `username`, `password`, `nombre`, `apellidos`, `genero`, `esSocio`, `rol`) VALUES (1, 'admin', '21232f297a57a5a743894a0e4a801fc3', 'Nuria', 'Garc√≠a', 'femenino', 0, 'administrador');
INSERT INTO `PADEGEST`.`usuario` (`id`, `username`, `password`, `nombre`, `apellidos`, `genero`, `esSocio`, `rol`) VALUES (2, 'greencat609', 'f7802c6426e92dc6703e79b928905504', 'Luisa', 'Vega', 'femenino', 1, 'deportista');
INSERT INTO `PADEGEST`.`usuario` (`id`, `username`, `password`, `nombre`, `apellidos`, `genero`, `esSocio`, `rol`) VALUES (3, 'organicfish174', '7ffaae67fd14ed82799775f8ed0786db', 'Susana', 'Soto', 'femenino', 1, 'deportista');
INSERT INTO `PADEGEST`.`usuario` (`id`, `username`, `password`, `nombre`, `apellidos`, `genero`, `esSocio`, `rol`) VALUES (4, 'beautifultiger401', '40a658eb4a093d38b9b5e4169729a13b', 'Celia', 'Dom√≠nguez', 'femenino', 1, 'deportista');
INSERT INTO `PADEGEST`.`usuario` (`id`, `username`, `password`, `nombre`, `apellidos`, `genero`, `esSocio`, `rol`) VALUES (5, 'greenladybug269', 'a06c8412cdbf80beacff001f3276cec0', 'Nicol√°s', 'Mar√≠n', 'masculino', 1, 'deportista');
INSERT INTO `PADEGEST`.`usuario` (`id`, `username`, `password`, `nombre`, `apellidos`, `genero`, `esSocio`, `rol`) VALUES (6, 'organicdog654', '8a76977f63691b218a40f4cbf1987815', 'Daniel', 'Morales', 'masculino', 0, 'deportista');
INSERT INTO `PADEGEST`.`usuario` (`id`, `username`, `password`, `nombre`, `apellidos`, `genero`, `esSocio`, `rol`) VALUES (7, 'bluepeacock966', '4dac8c9b3a3c4fd41d3c5c21c5f0e236', 'Mar√≠a', 'Antonia Iglesias', 'femenino', 0, 'deportista');
INSERT INTO `PADEGEST`.`usuario` (`id`, `username`, `password`, `nombre`, `apellidos`, `genero`, `esSocio`, `rol`) VALUES (8, 'heavybutterfly345', '7f80110eb10e4b1ccc27d9a062a2302c', 'Manuel', 'Gim√©nez', 'masculino', 1, 'deportista');
INSERT INTO `PADEGEST`.`usuario` (`id`, `username`, `password`, `nombre`, `apellidos`, `genero`, `esSocio`, `rol`) VALUES (9, 'heavybutterfly377', '7530dffb2bbba483691329908b94df6c', 'Ignacio', 'Moya', 'masculino', 0, 'deportista');
INSERT INTO `PADEGEST`.`usuario` (`id`, `username`, `password`, `nombre`, `apellidos`, `genero`, `esSocio`, `rol`) VALUES (10, 'happybutterfly909', '426700733faaed4ef78e1f0ea2849d5a', '√Ångeles', 'N√∫√±ez', 'femenino', 0, 'deportista');
INSERT INTO `PADEGEST`.`usuario` (`id`, `username`, `password`, `nombre`, `apellidos`, `genero`, `esSocio`, `rol`) VALUES (11, 'yellowzebra924', 'dd410087bfda6e014e0dcf8a92532644', 'Natalia', 'Alonso', 'femenino', 0, 'deportista');
INSERT INTO `PADEGEST`.`usuario` (`id`, `username`, `password`, `nombre`, `apellidos`, `genero`, `esSocio`, `rol`) VALUES (12, 'purplemouse320', '2fdb189f2ddc0870f8922e5e3c78bf28', 'Mar√≠a Teresa', 'Hidalgo', 'femenino', 0, 'deportista');
INSERT INTO `PADEGEST`.`usuario` (`id`, `username`, `password`, `nombre`, `apellidos`, `genero`, `esSocio`, `rol`) VALUES (13, 'orangedog307', 'c48cb78bd24f39c625aa591c14f62eeb', 'Mario', 'Ben√≠tez', 'masculino', 0, 'deportista');
INSERT INTO `PADEGEST`.`usuario` (`id`, `username`, `password`, `nombre`, `apellidos`, `genero`, `esSocio`, `rol`) VALUES (14, 'whitefish726', '70642510997ddb8b7aff459812ac9960', 'Rub√©n', 'Blanco', 'masculino', 1, 'deportista');
INSERT INTO `PADEGEST`.`usuario` (`id`, `username`, `password`, `nombre`, `apellidos`, `genero`, `esSocio`, `rol`) VALUES (15, 'silvercat186', 'a65fbffde76764e3f2207649e03707e9', 'Concepci√≥n', 'Mora', 'femenino', 1, 'deportista');
INSERT INTO `PADEGEST`.`usuario` (`id`, `username`, `password`, `nombre`, `apellidos`, `genero`, `esSocio`, `rol`) VALUES (16, 'beautifulgoose185', 'b39f9aedd0d29d535dcfb0c498db6f93', 'Marta', 'Alonso', 'femenino', 1, 'deportista');
INSERT INTO `PADEGEST`.`usuario` (`id`, `username`, `password`, `nombre`, `apellidos`, `genero`, `esSocio`, `rol`) VALUES (17, 'tinygorilla203', 'a72443d8e2e3f6949e699d6dd0a9617d', 'Mar√≠a Angeles', 'V√°zquez', 'femenino', 1, 'deportista');
INSERT INTO `PADEGEST`.`usuario` (`id`, `username`, `password`, `nombre`, `apellidos`, `genero`, `esSocio`, `rol`) VALUES (18, 'tinytiger912', '9b12d358a0c3059cf7da15eb2c051655', 'Alicia', 'Pe√±a', 'femenino', 1, 'deportista');
INSERT INTO `PADEGEST`.`usuario` (`id`, `username`, `password`, `nombre`, `apellidos`, `genero`, `esSocio`, `rol`) VALUES (19, 'tinymeercat208', '34b0b61675eeabd40150fad0717cd8c5', 'Carolina', 'Mart√≠nez', 'femenino', 0, 'deportista');
INSERT INTO `PADEGEST`.`usuario` (`id`, `username`, `password`, `nombre`, `apellidos`, `genero`, `esSocio`, `rol`) VALUES (20, 'silverbird807', '78bf8da1ff18b22408bb5ac3f70d9c33', 'Celia', 'Lorenzo', 'femenino', 1, 'deportista');
INSERT INTO `PADEGEST`.`usuario` (`id`, `username`, `password`, `nombre`, `apellidos`, `genero`, `esSocio`, `rol`) VALUES (21, 'sadladybug879', '1603272b464d97b6af0c8d717b698211', 'Paula', 'Gim√©nez', 'femenino', 1, 'deportista');
INSERT INTO `PADEGEST`.`usuario` (`id`, `username`, `password`, `nombre`, `apellidos`, `genero`, `esSocio`, `rol`) VALUES (22, 'blueostrich272', 'c46a1f254b6fb6b07e4144e79df7a085', 'Marina', 'Ram√≠rez', 'femenino', 1, 'deportista');
INSERT INTO `PADEGEST`.`usuario` (`id`, `username`, `password`, `nombre`, `apellidos`, `genero`, `esSocio`, `rol`) VALUES (23, 'smallgorilla279', 'a0301897d78518ec185a2dcebeb82c59', 'Tom√°s', 'Gil', 'masculino', 1, 'deportista');
INSERT INTO `PADEGEST`.`usuario` (`id`, `username`, `password`, `nombre`, `apellidos`, `genero`, `esSocio`, `rol`) VALUES (24, 'blueostrich184', 'd39c45ce3748e1fb0f9569be26d7735d', 'Antonia', 'Castillo', 'femenino', 0, 'deportista');
INSERT INTO `PADEGEST`.`usuario` (`id`, `username`, `password`, `nombre`, `apellidos`, `genero`, `esSocio`, `rol`) VALUES (25, 'heavycat480', 'f7b02a4ae4736a6b2348f8312c5d46ce', 'Rub√©n', 'Bravo', 'masculino', 1, 'deportista');
INSERT INTO `PADEGEST`.`usuario` (`id`, `username`, `password`, `nombre`, `apellidos`, `genero`, `esSocio`, `rol`) VALUES (26, 'greenfrog567', '49af884e1f5239a735620e611233e0ee', 'Rub√©n', 'M√©ndez', 'masculino', 0, 'deportista');
INSERT INTO `PADEGEST`.`usuario` (`id`, `username`, `password`, `nombre`, `apellidos`, `genero`, `esSocio`, `rol`) VALUES (27, 'whitebutterfly953', '3744a0e5839ecc55ea69ffdee3f39fa5', '√Ångela', 'S√°ez', 'femenino', 1, 'deportista');
INSERT INTO `PADEGEST`.`usuario` (`id`, `username`, `password`, `nombre`, `apellidos`, `genero`, `esSocio`, `rol`) VALUES (28, 'redcat927', '32fdc39a8da2bdb7a98dadcefc6c1e38', 'Felipe', 'Torres', 'masculino', 1, 'deportista');
INSERT INTO `PADEGEST`.`usuario` (`id`, `username`, `password`, `nombre`, `apellidos`, `genero`, `esSocio`, `rol`) VALUES (29, 'sadgoose648', 'e2c20148ce95dd1163f6f3bd646e4baa', 'Mar√≠a Angeles', 'Gim√©nez', 'femenino', 1, 'deportista');
INSERT INTO `PADEGEST`.`usuario` (`id`, `username`, `password`, `nombre`, `apellidos`, `genero`, `esSocio`, `rol`) VALUES (30, 'goldenpanda782', '969512f72ca38494a7d93d4e8a1ba4bb', 'Francisca', 'Carmona', 'femenino', 1, 'deportista');

COMMIT;


-- -----------------------------------------------------
-- Data for table `PADEGEST`.`pista`
-- -----------------------------------------------------
START TRANSACTION;
USE `PADEGEST`;
INSERT INTO `PADEGEST`.`pista` (`id`, `tipoSuelo`, `tipoCerramiento`, `localizacion`, `focos`) VALUES (1, 'moqueta', 'valla', 'interior', 5);
INSERT INTO `PADEGEST`.`pista` (`id`, `tipoSuelo`, `tipoCerramiento`, `localizacion`, `focos`) VALUES (2, 'c√©sped', 'pared', 'exterior', 6);
INSERT INTO `PADEGEST`.`pista` (`id`, `tipoSuelo`, `tipoCerramiento`, `localizacion`, `focos`) VALUES (3, 'c√©sped', 'cristal', 'interior', 2);
INSERT INTO `PADEGEST`.`pista` (`id`, `tipoSuelo`, `tipoCerramiento`, `localizacion`, `focos`) VALUES (4, 'c√©sped', 'cristal', 'exterior', 6);
INSERT INTO `PADEGEST`.`pista` (`id`, `tipoSuelo`, `tipoCerramiento`, `localizacion`, `focos`) VALUES (5, 'moqueta', 'valla', 'interior', 2);
INSERT INTO `PADEGEST`.`pista` (`id`, `tipoSuelo`, `tipoCerramiento`, `localizacion`, `focos`) VALUES (6, 'c√©sped', 'cristal', 'exterior', 8);
INSERT INTO `PADEGEST`.`pista` (`id`, `tipoSuelo`, `tipoCerramiento`, `localizacion`, `focos`) VALUES (7, 'moqueta', 'pared', 'interior', 3);
INSERT INTO `PADEGEST`.`pista` (`id`, `tipoSuelo`, `tipoCerramiento`, `localizacion`, `focos`) VALUES (8, 'cemento', 'valla', 'interior', 6);
INSERT INTO `PADEGEST`.`pista` (`id`, `tipoSuelo`, `tipoCerramiento`, `localizacion`, `focos`) VALUES (9, 'moqueta', 'pared', 'exterior', 2);
INSERT INTO `PADEGEST`.`pista` (`id`, `tipoSuelo`, `tipoCerramiento`, `localizacion`, `focos`) VALUES (10, 'cemento', 'valla', 'interior', 6);
INSERT INTO `PADEGEST`.`pista` (`id`, `tipoSuelo`, `tipoCerramiento`, `localizacion`, `focos`) VALUES (11, 'cemento', 'pared', 'interior', 7);
INSERT INTO `PADEGEST`.`pista` (`id`, `tipoSuelo`, `tipoCerramiento`, `localizacion`, `focos`) VALUES (12, 'hormig√≥n', 'pared', 'exterior', 8);
INSERT INTO `PADEGEST`.`pista` (`id`, `tipoSuelo`, `tipoCerramiento`, `localizacion`, `focos`) VALUES (13, 'c√©sped', 'valla', 'interior', 8);
INSERT INTO `PADEGEST`.`pista` (`id`, `tipoSuelo`, `tipoCerramiento`, `localizacion`, `focos`) VALUES (14, 'c√©sped', 'cristal', 'exterior', 2);
INSERT INTO `PADEGEST`.`pista` (`id`, `tipoSuelo`, `tipoCerramiento`, `localizacion`, `focos`) VALUES (15, 'hormig√≥n', 'valla', 'interior', 6);

COMMIT;


-- -----------------------------------------------------
-- Data for table `PADEGEST`.`clase`
-- -----------------------------------------------------
START TRANSACTION;
USE `PADEGEST`;
INSERT INTO `PADEGEST`.`clase` (`id`, `nombre`, `plazasMin`, `plazasMax`, `frecuencia`, `fechaInicioInscripcion`, `fechaFinInscripcion`, `semanasDuracion`, `horaInicio`) VALUES (1, 'Golpe bajo', 10, 15, DEFAULT, '2019-12-30', '2020-01-31', 3, '13:30');
INSERT INTO `PADEGEST`.`clase` (`id`, `nombre`, `plazasMin`, `plazasMax`, `frecuencia`, `fechaInicioInscripcion`, `fechaFinInscripcion`, `semanasDuracion`, `horaInicio`) VALUES (2, 'Golpe alto', 8, 20, DEFAULT, '2020-01-18', '2020-02-15', 4, '16:30');
INSERT INTO `PADEGEST`.`clase` (`id`, `nombre`, `plazasMin`, `plazasMax`, `frecuencia`, `fechaInicioInscripcion`, `fechaFinInscripcion`, `semanasDuracion`, `horaInicio`) VALUES (3, 'RevÈs', 10, 17, DEFAULT, '2019-11-28', '2020-01-15', 3, '13:30');
INSERT INTO `PADEGEST`.`clase` (`id`, `nombre`, `plazasMin`, `plazasMax`, `frecuencia`, `fechaInicioInscripcion`, `fechaFinInscripcion`, `semanasDuracion`, `horaInicio`) VALUES (4, 'TÈcnica', 7, 17, DEFAULT, '2020-01-31', '2020-03-25', 6, '12:00');
INSERT INTO `PADEGEST`.`clase` (`id`, `nombre`, `plazasMin`, `plazasMax`, `frecuencia`, `fechaInicioInscripcion`, `fechaFinInscripcion`, `semanasDuracion`, `horaInicio`) VALUES (5, 'T·ctica', 9, 20, DEFAULT, '2019-11-19', '2020-01-17', 6, '09:00');
INSERT INTO `PADEGEST`.`clase` (`id`, `nombre`, `plazasMin`, `plazasMax`, `frecuencia`, `fechaInicioInscripcion`, `fechaFinInscripcion`, `semanasDuracion`, `horaInicio`) VALUES (6, 'Saque', 9, 20, DEFAULT, '2020-01-09', '2020-02-29', 6, '09:00');
INSERT INTO `PADEGEST`.`clase` (`id`, `nombre`, `plazasMin`, `plazasMax`, `frecuencia`, `fechaInicioInscripcion`, `fechaFinInscripcion`, `semanasDuracion`, `horaInicio`) VALUES (7, 'Resistencia', 7, 18, DEFAULT, '2020-01-28', '2020-03-10', 6, '09:00');
INSERT INTO `PADEGEST`.`clase` (`id`, `nombre`, `plazasMin`, `plazasMax`, `frecuencia`, `fechaInicioInscripcion`, `fechaFinInscripcion`, `semanasDuracion`, `horaInicio`) VALUES (8, 'Dejadas', 6, 20, DEFAULT, '2020-01-09', '2020-02-05', 5, '18:00');
INSERT INTO `PADEGEST`.`clase` (`id`, `nombre`, `plazasMin`, `plazasMax`, `frecuencia`, `fechaInicioInscripcion`, `fechaFinInscripcion`, `semanasDuracion`, `horaInicio`) VALUES (9, 'Fuerza', 5, 19, DEFAULT, '2019-11-24', '2020-01-19', 3, '13:30');
INSERT INTO `PADEGEST`.`clase` (`id`, `nombre`, `plazasMin`, `plazasMax`, `frecuencia`, `fechaInicioInscripcion`, `fechaFinInscripcion`, `semanasDuracion`, `horaInicio`) VALUES (10, 'PsicologÌa', 7, 15, DEFAULT, '2019-11-27', '2020-01-02', 6, '13:30');

COMMIT;


-- -----------------------------------------------------
-- Data for table `PADEGEST`.`reserva`
-- -----------------------------------------------------
START TRANSACTION;
USE `PADEGEST`;
INSERT INTO `PADEGEST`.`reserva` (`id`, `fechaInicio`, `fechaFin`, `pista_id`, `usuario_id`, `clase_id`) VALUES (1, '2019-11-21 19:30:00', DEFAULT, 10, 20, NULL);
INSERT INTO `PADEGEST`.`reserva` (`id`, `fechaInicio`, `fechaFin`, `pista_id`, `usuario_id`, `clase_id`) VALUES (2, '2019-11-25 19:30:00', DEFAULT, 4, 8, NULL);
INSERT INTO `PADEGEST`.`reserva` (`id`, `fechaInicio`, `fechaFin`, `pista_id`, `usuario_id`, `clase_id`) VALUES (3, '2019-11-24 09:00:00', DEFAULT, 14, 18, NULL);
INSERT INTO `PADEGEST`.`reserva` (`id`, `fechaInicio`, `fechaFin`, `pista_id`, `usuario_id`, `clase_id`) VALUES (4, '2019-11-22 10:30:00', DEFAULT, 13, 12, NULL);
INSERT INTO `PADEGEST`.`reserva` (`id`, `fechaInicio`, `fechaFin`, `pista_id`, `usuario_id`, `clase_id`) VALUES (5, '2019-11-23 19:30:00', DEFAULT, 10, 24, NULL);
INSERT INTO `PADEGEST`.`reserva` (`id`, `fechaInicio`, `fechaFin`, `pista_id`, `usuario_id`, `clase_id`) VALUES (6, '2019-11-22 16:30:00', DEFAULT, 4, 24, NULL);
INSERT INTO `PADEGEST`.`reserva` (`id`, `fechaInicio`, `fechaFin`, `pista_id`, `usuario_id`, `clase_id`) VALUES (7, '2019-11-25 10:30:00', DEFAULT, 2, 9, NULL);
INSERT INTO `PADEGEST`.`reserva` (`id`, `fechaInicio`, `fechaFin`, `pista_id`, `usuario_id`, `clase_id`) VALUES (8, '2019-11-21 15:00:00', DEFAULT, 4, 26, NULL);
INSERT INTO `PADEGEST`.`reserva` (`id`, `fechaInicio`, `fechaFin`, `pista_id`, `usuario_id`, `clase_id`) VALUES (9, '2019-11-20 16:30:00', DEFAULT, 5, 11, NULL);
INSERT INTO `PADEGEST`.`reserva` (`id`, `fechaInicio`, `fechaFin`, `pista_id`, `usuario_id`, `clase_id`) VALUES (10, '2019-11-23 19:30:00', DEFAULT, 14, 26, NULL);
INSERT INTO `PADEGEST`.`reserva` (`id`, `fechaInicio`, `fechaFin`, `pista_id`, `usuario_id`, `clase_id`) VALUES (11, '2019-11-16 19:30:00', DEFAULT, 12, NULL, NULL);
INSERT INTO `PADEGEST`.`reserva` (`id`, `fechaInicio`, `fechaFin`, `pista_id`, `usuario_id`, `clase_id`) VALUES (12, '2019-11-23 13:30:00', DEFAULT, 12, NULL, NULL);
INSERT INTO `PADEGEST`.`reserva` (`id`, `fechaInicio`, `fechaFin`, `pista_id`, `usuario_id`, `clase_id`) VALUES (13, '2019-11-19 18:00:00', DEFAULT, 13, NULL, NULL);
INSERT INTO `PADEGEST`.`reserva` (`id`, `fechaInicio`, `fechaFin`, `pista_id`, `usuario_id`, `clase_id`) VALUES (14, '2019-11-06 10:30:00', DEFAULT, 3, NULL, NULL);
INSERT INTO `PADEGEST`.`reserva` (`id`, `fechaInicio`, `fechaFin`, `pista_id`, `usuario_id`, `clase_id`) VALUES (15, '2019-11-15 18:00:00', DEFAULT, 6, NULL, NULL);
INSERT INTO `PADEGEST`.`reserva` (`id`, `fechaInicio`, `fechaFin`, `pista_id`, `usuario_id`, `clase_id`) VALUES (16, '2019-11-22 10:30:00', DEFAULT, 7, NULL, NULL);

COMMIT;


-- -----------------------------------------------------
-- Data for table `PADEGEST`.`enfrentamiento`
-- -----------------------------------------------------
START TRANSACTION;
USE `PADEGEST`;
INSERT INTO `PADEGEST`.`enfrentamiento` (`id`, `nombre`, `fecha`, `fase`, `reserva_id`) VALUES (1, 'Partido 1 European Veteran Championship', '2019-11-19 18:00:00', 'liga regular', 13);
INSERT INTO `PADEGEST`.`enfrentamiento` (`id`, `nombre`, `fecha`, `fase`, `reserva_id`) VALUES (2, 'Partido 2 European Veteran Championship', '2019-11-06 10:30:00', 'liga regular', 14);
INSERT INTO `PADEGEST`.`enfrentamiento` (`id`, `nombre`, `fecha`, `fase`, `reserva_id`) VALUES (3, 'Partido 1 M√°ster de Menores 2019', '2019-11-15 18:00:00', 'playoffs1', 15);
INSERT INTO `PADEGEST`.`enfrentamiento` (`id`, `nombre`, `fecha`, `fase`, `reserva_id`) VALUES (4, 'Partido 2 M√°ster de Menores 2019', '2019-11-22 10:30:00', 'liga regular', 16);
INSERT INTO `PADEGEST`.`enfrentamiento` (`id`, `nombre`, `fecha`, `fase`, `reserva_id`) VALUES (5, 'Partido 1 TyC PREMIUM 3', '2019-10-28 12:00:00', 'playoffs1', NULL);
INSERT INTO `PADEGEST`.`enfrentamiento` (`id`, `nombre`, `fecha`, `fase`, `reserva_id`) VALUES (6, 'Partido 3 European Veteran Championship', '2019-10-19 11:00:00', 'liga regular', NULL);
INSERT INTO `PADEGEST`.`enfrentamiento` (`id`, `nombre`, `fecha`, `fase`, `reserva_id`) VALUES (7, 'Partido 3 M√°ster de Menores 2019', '2019-10-05 17:00:00', 'liga regular', NULL);
INSERT INTO `PADEGEST`.`enfrentamiento` (`id`, `nombre`, `fecha`, `fase`, `reserva_id`) VALUES (8, 'Partido 2 TyC PREMIUM 3', '2019-10-28 18:00:00', 'playoffs1', NULL);
INSERT INTO `PADEGEST`.`enfrentamiento` (`id`, `nombre`, `fecha`, `fase`, `reserva_id`) VALUES (9, 'Partido 3 TyC PREMIUM 3', '2019-10-05 20:00:00', 'liga regular', NULL);

COMMIT;


-- -----------------------------------------------------
-- Data for table `PADEGEST`.`partido_promocionado`
-- -----------------------------------------------------
START TRANSACTION;
USE `PADEGEST`;
INSERT INTO `PADEGEST`.`partido_promocionado` (`id`, `nombre`, `fecha`, `reserva_id`) VALUES (1, 'Partido amistoso de PadeClub', '2019-11-16 19:30:00', 11);
INSERT INTO `PADEGEST`.`partido_promocionado` (`id`, `nombre`, `fecha`, `reserva_id`) VALUES (2, 'Partido entrenamiento Copa P√°del', '2019-10-26 18:00:00', NULL);
INSERT INTO `PADEGEST`.`partido_promocionado` (`id`, `nombre`, `fecha`, `reserva_id`) VALUES (3, 'Primer partido solidario', '2019-11-23 13:30:00', 12);

COMMIT;


-- -----------------------------------------------------
-- Data for table `PADEGEST`.`resultado`
-- -----------------------------------------------------
START TRANSACTION;
USE `PADEGEST`;
INSERT INTO `PADEGEST`.`resultado` (`enfrentamiento_id`, `set1pareja1`, `set1pareja2`, `set2pareja1`, `set2pareja2`, `set3pareja1`, `set3pareja2`) VALUES (1, 1, 1, 1, 1, 0, 1);
INSERT INTO `PADEGEST`.`resultado` (`enfrentamiento_id`, `set1pareja1`, `set1pareja2`, `set2pareja1`, `set2pareja2`, `set3pareja1`, `set3pareja2`) VALUES (3, 1, 0, 2, 0, NULL, NULL);

COMMIT;


-- -----------------------------------------------------
-- Data for table `PADEGEST`.`usuario_partido_promocionado`
-- -----------------------------------------------------
START TRANSACTION;
USE `PADEGEST`;
INSERT INTO `PADEGEST`.`usuario_partido_promocionado` (`usuario_id`, `partido_promocionado_id`) VALUES (18, 1);
INSERT INTO `PADEGEST`.`usuario_partido_promocionado` (`usuario_id`, `partido_promocionado_id`) VALUES (8, 3);
INSERT INTO `PADEGEST`.`usuario_partido_promocionado` (`usuario_id`, `partido_promocionado_id`) VALUES (14, 1);
INSERT INTO `PADEGEST`.`usuario_partido_promocionado` (`usuario_id`, `partido_promocionado_id`) VALUES (20, 3);
INSERT INTO `PADEGEST`.`usuario_partido_promocionado` (`usuario_id`, `partido_promocionado_id`) VALUES (15, 2);
INSERT INTO `PADEGEST`.`usuario_partido_promocionado` (`usuario_id`, `partido_promocionado_id`) VALUES (14, 2);
INSERT INTO `PADEGEST`.`usuario_partido_promocionado` (`usuario_id`, `partido_promocionado_id`) VALUES (25, 2);

COMMIT;


-- -----------------------------------------------------
-- Data for table `PADEGEST`.`campeonato`
-- -----------------------------------------------------
START TRANSACTION;
USE `PADEGEST`;
INSERT INTO `PADEGEST`.`campeonato` (`id`, `nombre`, `bases`, `fechaInicioInscripciones`, `fechaFinInscripciones`) VALUES (1, 'European Veteran Championship', 'Bases de campeonato de ejemplo', '2019-07-31 00:00:00', '2019-11-16 00:00:00');
INSERT INTO `PADEGEST`.`campeonato` (`id`, `nombre`, `bases`, `fechaInicioInscripciones`, `fechaFinInscripciones`) VALUES (2, 'M√°ster de Menores 2019', 'Bases de campeonato de ejemplo', '2019-06-10 00:00:00', '2019-06-29 00:00:00');
INSERT INTO `PADEGEST`.`campeonato` (`id`, `nombre`, `bases`, `fechaInicioInscripciones`, `fechaFinInscripciones`) VALUES (3, 'TyC PREMIUM 3', 'Bases de campeonato de ejemplo', '2019-09-29 00:00:00', '2019-12-05 00:00:00');

COMMIT;


-- -----------------------------------------------------
-- Data for table `PADEGEST`.`categoria_nivel`
-- -----------------------------------------------------
START TRANSACTION;
USE `PADEGEST`;
INSERT INTO `PADEGEST`.`categoria_nivel` (`id`, `categoria`, `nivel`, `campeonato_id`) VALUES (1, 'masculina', '1', 1);
INSERT INTO `PADEGEST`.`categoria_nivel` (`id`, `categoria`, `nivel`, `campeonato_id`) VALUES (2, 'masculina', '2', 1);
INSERT INTO `PADEGEST`.`categoria_nivel` (`id`, `categoria`, `nivel`, `campeonato_id`) VALUES (3, 'masculina', '3', 1);
INSERT INTO `PADEGEST`.`categoria_nivel` (`id`, `categoria`, `nivel`, `campeonato_id`) VALUES (4, 'femenina', '1', 1);
INSERT INTO `PADEGEST`.`categoria_nivel` (`id`, `categoria`, `nivel`, `campeonato_id`) VALUES (5, 'femenina', '2', 1);
INSERT INTO `PADEGEST`.`categoria_nivel` (`id`, `categoria`, `nivel`, `campeonato_id`) VALUES (6, 'femenina', '3', 1);
INSERT INTO `PADEGEST`.`categoria_nivel` (`id`, `categoria`, `nivel`, `campeonato_id`) VALUES (7, 'mixta', '1', 1);
INSERT INTO `PADEGEST`.`categoria_nivel` (`id`, `categoria`, `nivel`, `campeonato_id`) VALUES (8, 'mixta', '2', 1);
INSERT INTO `PADEGEST`.`categoria_nivel` (`id`, `categoria`, `nivel`, `campeonato_id`) VALUES (9, 'mixta', '3', 1);
INSERT INTO `PADEGEST`.`categoria_nivel` (`id`, `categoria`, `nivel`, `campeonato_id`) VALUES (10, 'masculina', '1', 2);
INSERT INTO `PADEGEST`.`categoria_nivel` (`id`, `categoria`, `nivel`, `campeonato_id`) VALUES (11, 'masculina', '2', 2);
INSERT INTO `PADEGEST`.`categoria_nivel` (`id`, `categoria`, `nivel`, `campeonato_id`) VALUES (12, 'masculina', '3', 2);
INSERT INTO `PADEGEST`.`categoria_nivel` (`id`, `categoria`, `nivel`, `campeonato_id`) VALUES (13, 'femenina', '1', 2);
INSERT INTO `PADEGEST`.`categoria_nivel` (`id`, `categoria`, `nivel`, `campeonato_id`) VALUES (14, 'femenina', '2', 2);
INSERT INTO `PADEGEST`.`categoria_nivel` (`id`, `categoria`, `nivel`, `campeonato_id`) VALUES (15, 'femenina', '3', 2);
INSERT INTO `PADEGEST`.`categoria_nivel` (`id`, `categoria`, `nivel`, `campeonato_id`) VALUES (16, 'mixta', '1', 2);
INSERT INTO `PADEGEST`.`categoria_nivel` (`id`, `categoria`, `nivel`, `campeonato_id`) VALUES (17, 'mixta', '2', 2);
INSERT INTO `PADEGEST`.`categoria_nivel` (`id`, `categoria`, `nivel`, `campeonato_id`) VALUES (18, 'mixta', '3', 2);
INSERT INTO `PADEGEST`.`categoria_nivel` (`id`, `categoria`, `nivel`, `campeonato_id`) VALUES (19, 'masculina', '1', 3);
INSERT INTO `PADEGEST`.`categoria_nivel` (`id`, `categoria`, `nivel`, `campeonato_id`) VALUES (20, 'masculina', '2', 3);
INSERT INTO `PADEGEST`.`categoria_nivel` (`id`, `categoria`, `nivel`, `campeonato_id`) VALUES (21, 'masculina', '3', 3);
INSERT INTO `PADEGEST`.`categoria_nivel` (`id`, `categoria`, `nivel`, `campeonato_id`) VALUES (22, 'femenina', '1', 3);
INSERT INTO `PADEGEST`.`categoria_nivel` (`id`, `categoria`, `nivel`, `campeonato_id`) VALUES (23, 'femenina', '2', 3);
INSERT INTO `PADEGEST`.`categoria_nivel` (`id`, `categoria`, `nivel`, `campeonato_id`) VALUES (24, 'femenina', '3', 3);
INSERT INTO `PADEGEST`.`categoria_nivel` (`id`, `categoria`, `nivel`, `campeonato_id`) VALUES (25, 'mixta', '1', 3);
INSERT INTO `PADEGEST`.`categoria_nivel` (`id`, `categoria`, `nivel`, `campeonato_id`) VALUES (26, 'mixta', '2', 3);
INSERT INTO `PADEGEST`.`categoria_nivel` (`id`, `categoria`, `nivel`, `campeonato_id`) VALUES (27, 'mixta', '3', 3);

COMMIT;


-- -----------------------------------------------------
-- Data for table `PADEGEST`.`grupo`
-- -----------------------------------------------------
START TRANSACTION;
USE `PADEGEST`;
INSERT INTO `PADEGEST`.`grupo` (`id`, `categoria_nivel_id`) VALUES (3, 9);
INSERT INTO `PADEGEST`.`grupo` (`id`, `categoria_nivel_id`) VALUES (1, 7);
INSERT INTO `PADEGEST`.`grupo` (`id`, `categoria_nivel_id`) VALUES (2, 17);

COMMIT;


-- -----------------------------------------------------
-- Data for table `PADEGEST`.`pareja`
-- -----------------------------------------------------
START TRANSACTION;
USE `PADEGEST`;
INSERT INTO `PADEGEST`.`pareja` (`id`, `idCapitan`, `idCompanero`, `categoria_nivel_id`, `grupo_id`) VALUES (1, 30, 18, 17, 2);
INSERT INTO `PADEGEST`.`pareja` (`id`, `idCapitan`, `idCompanero`, `categoria_nivel_id`, `grupo_id`) VALUES (2, 27, 2, 7, 1);
INSERT INTO `PADEGEST`.`pareja` (`id`, `idCapitan`, `idCompanero`, `categoria_nivel_id`, `grupo_id`) VALUES (3, 5, 6, 7, 1);
INSERT INTO `PADEGEST`.`pareja` (`id`, `idCapitan`, `idCompanero`, `categoria_nivel_id`, `grupo_id`) VALUES (4, 11, 19, 10, NULL);
INSERT INTO `PADEGEST`.`pareja` (`id`, `idCapitan`, `idCompanero`, `categoria_nivel_id`, `grupo_id`) VALUES (5, 3, 20, 10, NULL);
INSERT INTO `PADEGEST`.`pareja` (`id`, `idCapitan`, `idCompanero`, `categoria_nivel_id`, `grupo_id`) VALUES (6, 19, 16, 23, NULL);
INSERT INTO `PADEGEST`.`pareja` (`id`, `idCapitan`, `idCompanero`, `categoria_nivel_id`, `grupo_id`) VALUES (7, 8, 25, 10, NULL);
INSERT INTO `PADEGEST`.`pareja` (`id`, `idCapitan`, `idCompanero`, `categoria_nivel_id`, `grupo_id`) VALUES (8, 26, 8, 10, NULL);
INSERT INTO `PADEGEST`.`pareja` (`id`, `idCapitan`, `idCompanero`, `categoria_nivel_id`, `grupo_id`) VALUES (9, 10, 11, 10, NULL);
INSERT INTO `PADEGEST`.`pareja` (`id`, `idCapitan`, `idCompanero`, `categoria_nivel_id`, `grupo_id`) VALUES (10, 29, 22, 10, NULL);
INSERT INTO `PADEGEST`.`pareja` (`id`, `idCapitan`, `idCompanero`, `categoria_nivel_id`, `grupo_id`) VALUES (11, 19, 20, 9, 3);
INSERT INTO `PADEGEST`.`pareja` (`id`, `idCapitan`, `idCompanero`, `categoria_nivel_id`, `grupo_id`) VALUES (12, 21, 6, 10, NULL);
INSERT INTO `PADEGEST`.`pareja` (`id`, `idCapitan`, `idCompanero`, `categoria_nivel_id`, `grupo_id`) VALUES (13, 16, 23, 17, 2);
INSERT INTO `PADEGEST`.`pareja` (`id`, `idCapitan`, `idCompanero`, `categoria_nivel_id`, `grupo_id`) VALUES (14, 11, 4, 10, NULL);
INSERT INTO `PADEGEST`.`pareja` (`id`, `idCapitan`, `idCompanero`, `categoria_nivel_id`, `grupo_id`) VALUES (15, 28, 26, 7, 1);
INSERT INTO `PADEGEST`.`pareja` (`id`, `idCapitan`, `idCompanero`, `categoria_nivel_id`, `grupo_id`) VALUES (16, 19, 25, 10, NULL);
INSERT INTO `PADEGEST`.`pareja` (`id`, `idCapitan`, `idCompanero`, `categoria_nivel_id`, `grupo_id`) VALUES (17, 24, 5, 10, NULL);
INSERT INTO `PADEGEST`.`pareja` (`id`, `idCapitan`, `idCompanero`, `categoria_nivel_id`, `grupo_id`) VALUES (18, 12, 5, 10, NULL);
INSERT INTO `PADEGEST`.`pareja` (`id`, `idCapitan`, `idCompanero`, `categoria_nivel_id`, `grupo_id`) VALUES (19, 28, 12, 21, NULL);
INSERT INTO `PADEGEST`.`pareja` (`id`, `idCapitan`, `idCompanero`, `categoria_nivel_id`, `grupo_id`) VALUES (20, 13, 3, 17, 2);
INSERT INTO `PADEGEST`.`pareja` (`id`, `idCapitan`, `idCompanero`, `categoria_nivel_id`, `grupo_id`) VALUES (21, 15, 19, 10, NULL);
INSERT INTO `PADEGEST`.`pareja` (`id`, `idCapitan`, `idCompanero`, `categoria_nivel_id`, `grupo_id`) VALUES (22, 5, 30, 10, NULL);
INSERT INTO `PADEGEST`.`pareja` (`id`, `idCapitan`, `idCompanero`, `categoria_nivel_id`, `grupo_id`) VALUES (23, 17, 6, 7, 1);
INSERT INTO `PADEGEST`.`pareja` (`id`, `idCapitan`, `idCompanero`, `categoria_nivel_id`, `grupo_id`) VALUES (24, 19, 27, 9, 3);
INSERT INTO `PADEGEST`.`pareja` (`id`, `idCapitan`, `idCompanero`, `categoria_nivel_id`, `grupo_id`) VALUES (25, 15, 17, 10, NULL);
INSERT INTO `PADEGEST`.`pareja` (`id`, `idCapitan`, `idCompanero`, `categoria_nivel_id`, `grupo_id`) VALUES (26, 9, 29, 17, 2);
INSERT INTO `PADEGEST`.`pareja` (`id`, `idCapitan`, `idCompanero`, `categoria_nivel_id`, `grupo_id`) VALUES (27, 15, 18, 7, 1);
INSERT INTO `PADEGEST`.`pareja` (`id`, `idCapitan`, `idCompanero`, `categoria_nivel_id`, `grupo_id`) VALUES (28, 17, 30, 17, 2);
INSERT INTO `PADEGEST`.`pareja` (`id`, `idCapitan`, `idCompanero`, `categoria_nivel_id`, `grupo_id`) VALUES (29, 20, 18, 10, NULL);
INSERT INTO `PADEGEST`.`pareja` (`id`, `idCapitan`, `idCompanero`, `categoria_nivel_id`, `grupo_id`) VALUES (30, 15, 21, 7, 1);
INSERT INTO `PADEGEST`.`pareja` (`id`, `idCapitan`, `idCompanero`, `categoria_nivel_id`, `grupo_id`) VALUES (31, 3, 2, 10, NULL);
INSERT INTO `PADEGEST`.`pareja` (`id`, `idCapitan`, `idCompanero`, `categoria_nivel_id`, `grupo_id`) VALUES (32, 15, 24, 9, 3);
INSERT INTO `PADEGEST`.`pareja` (`id`, `idCapitan`, `idCompanero`, `categoria_nivel_id`, `grupo_id`) VALUES (33, 13, 11, 17, 2);
INSERT INTO `PADEGEST`.`pareja` (`id`, `idCapitan`, `idCompanero`, `categoria_nivel_id`, `grupo_id`) VALUES (34, 13, 10, 9, 3);
INSERT INTO `PADEGEST`.`pareja` (`id`, `idCapitan`, `idCompanero`, `categoria_nivel_id`, `grupo_id`) VALUES (35, 16, 7, 10, NULL);
INSERT INTO `PADEGEST`.`pareja` (`id`, `idCapitan`, `idCompanero`, `categoria_nivel_id`, `grupo_id`) VALUES (36, 10, 7, 10, NULL);
INSERT INTO `PADEGEST`.`pareja` (`id`, `idCapitan`, `idCompanero`, `categoria_nivel_id`, `grupo_id`) VALUES (37, 26, 2, 9, 3);
INSERT INTO `PADEGEST`.`pareja` (`id`, `idCapitan`, `idCompanero`, `categoria_nivel_id`, `grupo_id`) VALUES (38, 16, 18, 9, 3);
INSERT INTO `PADEGEST`.`pareja` (`id`, `idCapitan`, `idCompanero`, `categoria_nivel_id`, `grupo_id`) VALUES (39, 10, 21, 10, NULL);
INSERT INTO `PADEGEST`.`pareja` (`id`, `idCapitan`, `idCompanero`, `categoria_nivel_id`, `grupo_id`) VALUES (40, 2, 7, 10, NULL);
INSERT INTO `PADEGEST`.`pareja` (`id`, `idCapitan`, `idCompanero`, `categoria_nivel_id`, `grupo_id`) VALUES (41, 25, 17, 10, NULL);
INSERT INTO `PADEGEST`.`pareja` (`id`, `idCapitan`, `idCompanero`, `categoria_nivel_id`, `grupo_id`) VALUES (42, 11, 24, 10, NULL);
INSERT INTO `PADEGEST`.`pareja` (`id`, `idCapitan`, `idCompanero`, `categoria_nivel_id`, `grupo_id`) VALUES (43, 19, 29, 3, NULL);
INSERT INTO `PADEGEST`.`pareja` (`id`, `idCapitan`, `idCompanero`, `categoria_nivel_id`, `grupo_id`) VALUES (44, 23, 8, 10, NULL);
INSERT INTO `PADEGEST`.`pareja` (`id`, `idCapitan`, `idCompanero`, `categoria_nivel_id`, `grupo_id`) VALUES (45, 20, 11, 10, NULL);
INSERT INTO `PADEGEST`.`pareja` (`id`, `idCapitan`, `idCompanero`, `categoria_nivel_id`, `grupo_id`) VALUES (46, 12, 8, 17, 2);
INSERT INTO `PADEGEST`.`pareja` (`id`, `idCapitan`, `idCompanero`, `categoria_nivel_id`, `grupo_id`) VALUES (47, 30, 30, 10, NULL);
INSERT INTO `PADEGEST`.`pareja` (`id`, `idCapitan`, `idCompanero`, `categoria_nivel_id`, `grupo_id`) VALUES (48, 29, 30, 9, 3);
INSERT INTO `PADEGEST`.`pareja` (`id`, `idCapitan`, `idCompanero`, `categoria_nivel_id`, `grupo_id`) VALUES (49, 24, 4, 24, NULL);
INSERT INTO `PADEGEST`.`pareja` (`id`, `idCapitan`, `idCompanero`, `categoria_nivel_id`, `grupo_id`) VALUES (50, 8, 11, 11, NULL);
INSERT INTO `PADEGEST`.`pareja` (`id`, `idCapitan`, `idCompanero`, `categoria_nivel_id`, `grupo_id`) VALUES (51, 22, 5, 10, NULL);
INSERT INTO `PADEGEST`.`pareja` (`id`, `idCapitan`, `idCompanero`, `categoria_nivel_id`, `grupo_id`) VALUES (52, 6, 17, 9, 3);
INSERT INTO `PADEGEST`.`pareja` (`id`, `idCapitan`, `idCompanero`, `categoria_nivel_id`, `grupo_id`) VALUES (53, 19, 25, 7, 1);
INSERT INTO `PADEGEST`.`pareja` (`id`, `idCapitan`, `idCompanero`, `categoria_nivel_id`, `grupo_id`) VALUES (54, 12, 28, 10, NULL);
INSERT INTO `PADEGEST`.`pareja` (`id`, `idCapitan`, `idCompanero`, `categoria_nivel_id`, `grupo_id`) VALUES (55, 15, 2, 9, 3);
INSERT INTO `PADEGEST`.`pareja` (`id`, `idCapitan`, `idCompanero`, `categoria_nivel_id`, `grupo_id`) VALUES (56, 22, 16, 17, 2);
INSERT INTO `PADEGEST`.`pareja` (`id`, `idCapitan`, `idCompanero`, `categoria_nivel_id`, `grupo_id`) VALUES (57, 28, 2, 10, NULL);
INSERT INTO `PADEGEST`.`pareja` (`id`, `idCapitan`, `idCompanero`, `categoria_nivel_id`, `grupo_id`) VALUES (58, 13, 19, 10, NULL);
INSERT INTO `PADEGEST`.`pareja` (`id`, `idCapitan`, `idCompanero`, `categoria_nivel_id`, `grupo_id`) VALUES (59, 22, 28, 10, NULL);
INSERT INTO `PADEGEST`.`pareja` (`id`, `idCapitan`, `idCompanero`, `categoria_nivel_id`, `grupo_id`) VALUES (60, 9, 25, 17, 2);
INSERT INTO `PADEGEST`.`pareja` (`id`, `idCapitan`, `idCompanero`, `categoria_nivel_id`, `grupo_id`) VALUES (61, 26, 16, 10, NULL);
INSERT INTO `PADEGEST`.`pareja` (`id`, `idCapitan`, `idCompanero`, `categoria_nivel_id`, `grupo_id`) VALUES (62, 4, 26, 10, NULL);
INSERT INTO `PADEGEST`.`pareja` (`id`, `idCapitan`, `idCompanero`, `categoria_nivel_id`, `grupo_id`) VALUES (63, 26, 7, 7, 1);
INSERT INTO `PADEGEST`.`pareja` (`id`, `idCapitan`, `idCompanero`, `categoria_nivel_id`, `grupo_id`) VALUES (64, 4, 2, 17, 2);

COMMIT;


-- -----------------------------------------------------
-- Data for table `PADEGEST`.`pareja_enfrentamiento`
-- -----------------------------------------------------
START TRANSACTION;
USE `PADEGEST`;
INSERT INTO `PADEGEST`.`pareja_enfrentamiento` (`pareja_id`, `enfrentamiento_id`, `participacionConfirmada`) VALUES (21, 8, 1);
INSERT INTO `PADEGEST`.`pareja_enfrentamiento` (`pareja_id`, `enfrentamiento_id`, `participacionConfirmada`) VALUES (6, 3, 1);
INSERT INTO `PADEGEST`.`pareja_enfrentamiento` (`pareja_id`, `enfrentamiento_id`, `participacionConfirmada`) VALUES (8, 4, 1);
INSERT INTO `PADEGEST`.`pareja_enfrentamiento` (`pareja_id`, `enfrentamiento_id`, `participacionConfirmada`) VALUES (30, 9, 0);
INSERT INTO `PADEGEST`.`pareja_enfrentamiento` (`pareja_id`, `enfrentamiento_id`, `participacionConfirmada`) VALUES (13, 9, 0);
INSERT INTO `PADEGEST`.`pareja_enfrentamiento` (`pareja_id`, `enfrentamiento_id`, `participacionConfirmada`) VALUES (23, 8, 0);
INSERT INTO `PADEGEST`.`pareja_enfrentamiento` (`pareja_id`, `enfrentamiento_id`, `participacionConfirmada`) VALUES (1, 1, 1);
INSERT INTO `PADEGEST`.`pareja_enfrentamiento` (`pareja_id`, `enfrentamiento_id`, `participacionConfirmada`) VALUES (3, 2, 1);
INSERT INTO `PADEGEST`.`pareja_enfrentamiento` (`pareja_id`, `enfrentamiento_id`, `participacionConfirmada`) VALUES (5, 3, 1);
INSERT INTO `PADEGEST`.`pareja_enfrentamiento` (`pareja_id`, `enfrentamiento_id`, `participacionConfirmada`) VALUES (15, 8, 1);
INSERT INTO `PADEGEST`.`pareja_enfrentamiento` (`pareja_id`, `enfrentamiento_id`, `participacionConfirmada`) VALUES (4, 2, 1);
INSERT INTO `PADEGEST`.`pareja_enfrentamiento` (`pareja_id`, `enfrentamiento_id`, `participacionConfirmada`) VALUES (7, 4, 1);
INSERT INTO `PADEGEST`.`pareja_enfrentamiento` (`pareja_id`, `enfrentamiento_id`, `participacionConfirmada`) VALUES (2, 1, 1);
INSERT INTO `PADEGEST`.`pareja_enfrentamiento` (`pareja_id`, `enfrentamiento_id`, `participacionConfirmada`) VALUES (28, 9, 0);

COMMIT;


-- -----------------------------------------------------
-- Data for table `PADEGEST`.`noticia`
-- -----------------------------------------------------
START TRANSACTION;
USE `PADEGEST`;
INSERT INTO `PADEGEST`.`noticia` (`id`, `titulo`, `cuerpo`, `fecha`, `usuario_id`) VALUES (1, 'Gonzalo Rubio y Ernesto Moreno, adi√≥s a una pareja de enorme calidad y potencia', 'Otra pareja que anuncia su separaci√≥n, la formada por Ernesto Moreno y Gonzalo Rubio. Los dos andaluces pondr√°n fin a una etapa en la que han conseguido importantes objetivos pero en la que no han terminado, a pesar de su calidad, de dar ese pasito extra y culminar su buen hacer en pista.', '2019-10-28 15:00:00', 1);
INSERT INTO `PADEGEST`.`noticia` (`id`, `titulo`, `cuerpo`, `fecha`, `usuario_id`) VALUES (2, 'Una excelente y completa formaci√≥n en todos los √°mbitos del p√°del', 'Noticia muy importante en cuanto a formaci√≥n de p√°del la que nos llega desde Padel Nuestro, quienes han decidido embarcarse en un proyecto de formaci√≥n a todos los niveles, lanzando el primer Curso Padel Player, enfocado a todos aquellos que quieran dedicarse al p√°del de forma profesional o simplemente para aprender nuevos aspectos t√°cticos. Avalado por varias de las empresas m√°s destacadas del sector como Padel Nuestro, Bullpadel y Pascal Box, esta primera convocatoria del curso Padel Player 1 estar√° disponible a la venta desde el lunes 16 de diciembre y las clases comenzar√°n el pr√≥ximo 6 de enero de 2020. Jugadores del World Padel Tour de la talla de Maxi S√°nchez o Alejandra Salazar ayudar√°n a Manu Mart√≠n, uno de los mejores entrenadores de p√°del, a impartir las 30 clases que forman parte del curso, lecciones que cualquiera podr√° disfrutar por tan solo 29,00‚Ç¨.', '2019-10-25 07:00:00', 1);
INSERT INTO `PADEGEST`.`noticia` (`id`, `titulo`, `cuerpo`, `fecha`, `usuario_id`) VALUES (3, 'Conoce el recorrido de las chicas en el Master Final ', 'Ya es oficial, ya se conoce c√≥mo ser√° el camino del Master Final en lo que a la categor√≠a masculina se refiere tras el sorteo de emparejamientos. Un sorteo que, teniendo en cuenta el nombre de los participantes, no ha dejado a nadie indiferente y todos ser√°n duelos de altas revoluciones. La pelea arrancar√° el jueves en el segundo turno (las chicas comienzan a las 12 horas del mediod√≠a) con la pareja de circunstancias formada por Agust√≠n G√≥mez Silingo y Juani Mieres ante Fernando Belastegu√≠n y Agust√≠n Tapia, para continuar por la tarde con un duelo 100% espa√±ol entre Uri Botello y Javi Ruiz ante Paquito Navarro y Juan Lebr√≥n, los n√∫meros 1. Este choque, adem√°s, nos presentar√° a dos parejas que podr√≠an estar en sus √∫ltimos compromisos juntos si los rumores de separaci√≥n son ciertos.', '2019-11-25 08:00:00', 1);
INSERT INTO `PADEGEST`.`noticia` (`id`, `titulo`, `cuerpo`, `fecha`, `usuario_id`) VALUES (4, 'Una Navidad de p√°del y solidaria para los peque√±os de M√°laga', 'Por cuarto a√±o consecutivo, la firma StarVie se pone del lado de los m√°s peque√±os, en concreto de los que necesitan una alegr√≠a extra en estas fiestas, colaborando con la Fundaci√≥n Cesare Scariolo en la iniciativa ben√©fica \'\'Operaci√≥n juguete\'\'. La campa√±a solidaria busca obtener el m√°ximo n√∫mero de juguetes para repartir esta Navidad a los ni√±os ingresados en la planta de oncolog√≠a del Hospital Materno-Infantil de M√°laga. El evento consiste en un clinic impartido por jugadores StarVie con la √∫nica condici√≥n para participar de entregar un juguete nuevo. Tras el √©xito de los a√±os anteriores en el que se recaudaron m√°s de 850 regalos, esta edici√≥n el evento se realiza en cinco ciudades espa√±olas: Madrid, M√°laga, Sevilla, Valencia y Benidorm. De la misma manera que en ediciones anteriores, las personas que quieran participar deben inscribirse en la recepci√≥n del club de cada una de las ciudades. Todos los juguetes recogidos ser√°n donados a la Fundaci√≥n Cesare Scariolo para despu√©s ser entregados a los ni√±os que est√°n recibiendo tratamientos oncol√≥gicos en el Hospital de M√°laga.', '2019-12-21 09:00:00', 1);
INSERT INTO `PADEGEST`.`noticia` (`id`, `titulo`, `cuerpo`, `fecha`, `usuario_id`) VALUES (5, 'Empieza el baile de parejas para la pr√≥xima temporada', 'Aunque queda por disputarse el Estrella Damm Barcelona Master muchos jugadores ya han terminado la temporada y han comenzado a planificar el a√±o pr√≥ximo. Como todos los a√±os se aproxima una gran cantidad de nuevas parejas, las cuales iremos conociendo poco a poco en las pr√≥ximas semanas.', '2019-12-29 11:00:00', 1);

COMMIT;


-- -----------------------------------------------------
-- Data for table `PADEGEST`.`clase_deportista`
-- -----------------------------------------------------
START TRANSACTION;
USE `PADEGEST`;
INSERT INTO `PADEGEST`.`clase_deportista` (`clase_id`, `usuario_id`) VALUES (10, 30);
INSERT INTO `PADEGEST`.`clase_deportista` (`clase_id`, `usuario_id`) VALUES (10, 5);
INSERT INTO `PADEGEST`.`clase_deportista` (`clase_id`, `usuario_id`) VALUES (2, 12);
INSERT INTO `PADEGEST`.`clase_deportista` (`clase_id`, `usuario_id`) VALUES (2, 15);
INSERT INTO `PADEGEST`.`clase_deportista` (`clase_id`, `usuario_id`) VALUES (7, 7);
INSERT INTO `PADEGEST`.`clase_deportista` (`clase_id`, `usuario_id`) VALUES (5, 29);
INSERT INTO `PADEGEST`.`clase_deportista` (`clase_id`, `usuario_id`) VALUES (10, 10);
INSERT INTO `PADEGEST`.`clase_deportista` (`clase_id`, `usuario_id`) VALUES (6, 27);
INSERT INTO `PADEGEST`.`clase_deportista` (`clase_id`, `usuario_id`) VALUES (2, 30);
INSERT INTO `PADEGEST`.`clase_deportista` (`clase_id`, `usuario_id`) VALUES (4, 13);
INSERT INTO `PADEGEST`.`clase_deportista` (`clase_id`, `usuario_id`) VALUES (2, 30);
INSERT INTO `PADEGEST`.`clase_deportista` (`clase_id`, `usuario_id`) VALUES (2, 2);
INSERT INTO `PADEGEST`.`clase_deportista` (`clase_id`, `usuario_id`) VALUES (1, 3);
INSERT INTO `PADEGEST`.`clase_deportista` (`clase_id`, `usuario_id`) VALUES (2, 13);
INSERT INTO `PADEGEST`.`clase_deportista` (`clase_id`, `usuario_id`) VALUES (4, 7);
INSERT INTO `PADEGEST`.`clase_deportista` (`clase_id`, `usuario_id`) VALUES (3, 25);
INSERT INTO `PADEGEST`.`clase_deportista` (`clase_id`, `usuario_id`) VALUES (2, 27);
INSERT INTO `PADEGEST`.`clase_deportista` (`clase_id`, `usuario_id`) VALUES (2, 17);
INSERT INTO `PADEGEST`.`clase_deportista` (`clase_id`, `usuario_id`) VALUES (8, 18);
INSERT INTO `PADEGEST`.`clase_deportista` (`clase_id`, `usuario_id`) VALUES (2, 4);

COMMIT;


-- -----------------------------------------------------
-- Data for table `PADEGEST`.`pago`
-- -----------------------------------------------------
START TRANSACTION;
USE `PADEGEST`;
INSERT INTO `PADEGEST`.`pago` (`id`, `concepto`, `importe`, `usuario_id`) VALUES (1, 'Inscripci√≥n campeonato', 5, 13);
INSERT INTO `PADEGEST`.`pago` (`id`, `concepto`, `importe`, `usuario_id`) VALUES (2, 'Cuota socio', 15, 18);
INSERT INTO `PADEGEST`.`pago` (`id`, `concepto`, `importe`, `usuario_id`) VALUES (3, 'Reserva pista', 18, 20);
INSERT INTO `PADEGEST`.`pago` (`id`, `concepto`, `importe`, `usuario_id`) VALUES (4, 'Reserva pista', 12, 8);
INSERT INTO `PADEGEST`.`pago` (`id`, `concepto`, `importe`, `usuario_id`) VALUES (5, 'Reserva pista', 8, 18);
INSERT INTO `PADEGEST`.`pago` (`id`, `concepto`, `importe`, `usuario_id`) VALUES (6, 'Inscripci√≥n campeonato', 5, 5);
INSERT INTO `PADEGEST`.`pago` (`id`, `concepto`, `importe`, `usuario_id`) VALUES (7, 'Cuota socio', 15, 23);
INSERT INTO `PADEGEST`.`pago` (`id`, `concepto`, `importe`, `usuario_id`) VALUES (8, 'Reserva pista', 10, 12);
INSERT INTO `PADEGEST`.`pago` (`id`, `concepto`, `importe`, `usuario_id`) VALUES (9, 'Cuota socio', 15, 25);
INSERT INTO `PADEGEST`.`pago` (`id`, `concepto`, `importe`, `usuario_id`) VALUES (10, 'Reserva pista', 16, 24);

COMMIT;

-- -----------------------------------------------------
-- Event `PADEGEST`.`limpieza_reservas_expiradas`
-- -----------------------------------------------------
DROP EVENT IF EXISTS `PADEGEST`.`limpieza_reservas_expiradas`;

DELIMITER $$
CREATE EVENT `PADEGEST`.`limpieza_reservas_expiradas`
    ON SCHEDULE EVERY 1 MINUTE STARTS CURRENT_TIMESTAMP
    ON COMPLETION NOT PRESERVE
    DO BEGIN
        DELETE LOW_PRIORITY
            FROM `PADEGEST`.`reserva`
            WHERE `fechaFin` <= NOW();
    END$$
DELIMITER ;